AnVIL_CMG_Broad_Muscle_KNC_WGS,fc-secure-004e5c03-d24d-4f7f-a26b-9fdc64b0ca3c,14,14,0,14,14,247651787624
anvil_ccdg_broad_ai_ibd_daly_niddk_cho_wes,fc-secure-00737009-4e0f-454d-bb02-4b70566a0ed2,0,0,4444,4473,0,7143202949692
AnVIL_CCDG_Broad_NP_Epilepsy_ITAUBG_DS_EPI_NPU_MDS_WES,fc-secure-01106611-a0e9-41bb-ac13-27683ab2fc19,0,0,489,489,0,759730474627
AnVIL_CMG_BaylorHopkins_HMB-NPU_WES,fc-secure-01716d0c-bf96-4d6d-8af1-b93079ba34cd,0,0,789,789,0,11972138647253
AnVIL_CCDG_Broad_NP_Epilepsy_USAMGH_MGBB_HMB_MDS_WES,fc-secure-04e82709-08e0-4335-aaef-ba55089f6fd9,0,0,44,44,0,36861218932
AnVIL_CCDG_Broad_NP_Epilepsy_USACRW_EPI_ASZ_MED_MDS_WES,fc-secure-05e511c4-0b47-41a5-a361-99f747cbef6c,0,0,37,37,0,61169758130
ANVIL_CMG_Broad_Muscle_Laing_WES,fc-secure-0709e235-78d6-4915-9c99-92e4984dedb9,31,31,0,31,31,78168449416
AnVIL_CCDG_WashU_CVD_EOCAD_BioMe_WGS,fc-secure-07fcf1c8-7442-4047-826b-8fe723325ba2,0,0,647,648,0,9871056952050
AnVIL_ccdg_asc_ndd_daly_talkowski_chung_asd_exome,fc-secure-08bb70e6-9fa1-40dc-8822-41d73945c053,0,0,523,523,0,829989110330
AnVIL_CCDG_Broad_CVD_EOCAD_TaiChi_WGS,fc-secure-09e06b8a-30e8-47a8-8faa-ec7201bc120d,0,0,773,773,0,15135710520661
AnVIL_CCDG_Broad_AI_IBD_Brant_DS-IBD_WGS,fc-secure-0ac23157-c61b-47c0-9567-a5296e124a84,0,0,199,199,0,2609676245102
AnVIL_ccdg_asc_ndd_daly_talkowski_ac-boston_asd_exome,fc-secure-0aedc988-3736-496c-b7ac-20cca5b3ceb9,0,0,757,757,0,1267368216265
AnVIL_CCDG_Freeze2_VCFAggregation,fc-0af06d55-6b50-4ef1-b853-e4af3f6c8e82,0,0,0,61151,0,7787238
AnVIL_CCDG_WashU_AI_T1D_T1DGC_WGS,fc-secure-0b19bbb9-481f-404d-a4a6-3024b7c4b698,0,0,3397,3397,0,57254276559191
anvil_nhgri_broad_ibd_daly_kugathasan_wes,fc-secure-0ca0c5e6-26ca-47ea-b509-ec4eaa058fc6,0,0,546,546,0,810233038841
AnVIL_CCDG_Broad_NP_Epilepsy_AUSAUS_EPI_BA_ID_MDS_WES,fc-secure-0de89e54-2149-4e06-81f9-da5af48c68a3,0,0,24,24,0,44564139929
AnVIL_PAGE_BioMe_GRU_WGS,fc-secure-0e71f746-0db3-4ff7-ba65-4a454d8ff0e1,0,0,0,307,307,7985570818689
AnVIL_CMG_Broad_Orphan_VCGS-White_WES,fc-secure-0e876de4-dc38-4e3d-98c0-822963e9df17,447,447,0,447,447,805439615147
anvil_ccdg_broad_ai_ibd_niddk_daly_silverberg_wes,fc-secure-0eba3dae-89be-4642-8982-9a80a7428cd2,0,0,598,598,0,959711151588
AnVIL_CCDG_Broad_NP_Epilepsy_FINKPH_EPIL_CO_MORBIDI_MDS_WES,fc-secure-0f948ad2-2ae8-433c-9f0c-941c4c5e4a89,0,0,787,787,0,1264930916755
AnVIL_CCDG_Broad_NP_Epilepsy_DEUUTB_HMB-NPU-MDS_WES,fc-secure-0fc5a889-f57e-40a1-9859-c5b1e8a196d1,0,0,1448,1448,0,2132017122228
AnVIL_CCDG_Broad_CVD_AFib_Penn_WGS,fc-secure-10b393b7-8607-4999-b1c5-18b9aabb49d6,0,0,418,418,0,8558108392752
AnVIL_PAGE_Stanford_Global_Reference_Panel_GRU_WGS,fc-secure-1114cae3-387f-4277-8a1f-0b912487b224,0,0,0,78,78,1867377190691
AnVIL_CMG_Broad_Muscle_Myoseq_WES,fc-secure-111d9846-e5b6-428f-bfcb-b6cf57a6ae8c,1280,1280,0,1280,1280,2303041557869
AnVIL_CCDG_Broad_NP_Epilepsy_USAUPN_Marsh_GRU_WES,fc-secure-124c02b9-69b7-468c-b3d7-4a07aee74dc5,0,0,196,196,0,265796130445
AnVIL_CCDG_Broad_NP_Epilepsy_BELULB_DS-EP-NPU_WES,fc-secure-13597242-de35-44e2-b8fb-b5fa0b983501,0,0,380,380,0,630820137639
anvil_ccdg_broad_ai_ibd_daly_vermeire_wes,fc-secure-1614d6d2-d053-4de0-9b97-cc4b0762f547,0,0,4719,4719,0,4636915019818
AnVIL_CMG_Broad_Heart_Ware_WES,fc-secure-16d26258-a516-4b26-b5d1-f17d785fbc70,10,10,0,10,10,18169458410
AnVIL_ccdg_asc_ndd_daly_talkowski_lattig_asd_exome,fc-secure-16e0c63c-847a-42ef-91ca-3523b3668357,0,0,487,487,0,437492803565
AnVIL_CCDG_Broad_NP_Epilepsy_TURBZU_GRU_WES,fc-secure-17d8dbc9-d1d8-4d5d-8eb7-c1b82bef24d8,0,0,208,208,0,343177597304
AnVIL_CCDG_WashU_CVD_EOCAD_Harvard-Costa-Rica_WGS,fc-secure-19ae92b3-86a1-4ec5-a8dc-f9d1ea226c4c,0,0,3088,3088,0,44124897520604
AnVIL_CCDG_WashU_CVD_EOCAD_WashU-CAD_GRU-IRB_WGS,fc-secure-1a841909-2e43-4c83-8b66-ba15aceecfee,0,0,265,265,0,4746608856429
AnVIL_CCDG_Broad_CVD_EOCAD_VIRGO_WGS,fc-secure-1b2f65a3-61f8-4ce1-93ad-65b690c1f043,0,0,2158,2159,0,37765793506813
AnVIL_CCDG_Broad_CVD_AFib_AFLMU_WGS,fc-secure-1e391fda-00d2-4dc9-94f2-845e59d57117,0,0,248,248,0,5373754505549
AnVIL_CMG_Broad_Muscle_Beggs_WES,fc-secure-1e74f991-d0bb-4b99-b3fc-aad5cf94069c,109,109,165,274,109,396196496628
AnVIL_CCDG_Broad_CVD_AFib_GENAF_WGS,fc-secure-1fb85b31-9a1e-46ef-a206-41040d151f94,0,0,90,90,0,1874956818822
AnVIL_CCDG_Broad_NP_Epilepsy_DEUUPM_HMB_MDS_WES,fc-secure-1fc9933f-3f2f-441e-97f2-c0b2a6081d3d,0,0,112,112,0,877465719
AnVIL_CCDG_WashU_CVD_EOCAD_METSIM_WGS,fc-secure-2011b97c-a9c9-4a13-8911-f3833be31253,0,0,9477,9477,0,134168222296988
AnVIL_CCDG_Broad_CVD_AFib_JHU_WGS,fc-secure-2085a664-58a9-404c-ae57-210fb19806fb,0,0,290,290,0,5449749814770
AnVIL_CCDG_Broad_CVD_AFib_MPP_WGS,fc-secure-20d7c83f-35a7-4b7e-9a1b-c40bfdff29b2,0,0,118,118,0,2545100871677
AnVIL_CCDG_WashU_CVD_EOCAD_Finland-CHD_WGS,fc-secure-215c5ec0-940a-4808-9353-667f3a3af3c3,0,0,155,155,0,3089850438783
AnVIL_ccdg_asc_ndd_daly_talkowski_puura_asd_exome,fc-secure-2180b508-ce9d-4535-aa9f-f07d5917025c,0,0,209,209,0,329072568821
AnVIL_CCDG_NYGC_NP_Alz_LOAD_WGS,fc-secure-21c6905e-06c8-45f2-b6ed-ffba467f7f75,0,0,1049,1049,0,24488970950003
AnVIL_CCDG_Broad_NP_Epilepsy_GBRSWU_CARDI_NEURO_WES,fc-secure-21cd882f-8470-4c2e-93dc-536a908bae73,0,0,235,235,0,323803412603
AnVIL_CCDG_Broad_NP_Epilepsy_FRALYU_HMB_WES,fc-secure-221b863c-a724-42f3-9f90-2081b352799c,0,0,1030,1030,0,1133570329958
AnVIL_CCDG_NYGC_NP_Autism_SSC_WGS,fc-secure-22693da1-7a53-4115-9b93-98856c7c1ca8,0,0,9201,9201,0,226627265018637
anvil_ccdg_broad_ai_ibd_daly_faubion_share_wes,fc-secure-228fd6fd-e0f7-4895-a246-3b055be27aa1,0,0,904,904,0,790735554869
AnVIL_CCDG_Broad_NP_Epilepsy_CHEUBB_HMB_IRB_MDS_WES,fc-secure-240e1629-6d73-42ab-a373-1abeec17824c,0,0,47,47,0,43875364555
AnVIL_CCDG_WashU_CVD_EOCAD_Penn_WGS,fc-secure-25f8efc0-42fc-48d5-9a39-53c131c4d6ef,0,0,1356,1356,0,27004223148660
AnVIL_CCDG_NYGC_NP_Autism_ACE2_DS-MDS_WGS,fc-secure-285cdab6-0292-4c49-b22f-5232df22e9a7,0,0,146,146,0,3191339912945
AnVIL_PAGE_MEC_GRU_WGS,fc-secure-286b80a7-cd88-4feb-bc4b-b497c13b7fa2,0,0,0,70,70,1705274413217
anvil_ccdg_broad_ai_ibd_niddk_daly_brant_wes,fc-secure-29cd113f-7eca-4526-aa52-dde1b8cb41d0,0,0,164,164,0,263875137562
AnVIL_CCDG_Broad_NP_Epilepsy_BELATW_GRU_WES,fc-secure-2a64d87a-8f6c-418f-87bb-bd0fb4ecd806,0,0,107,107,0,191505541229
AnVIL_CCDG_Broad_NP_Epilepsy_HKOSB_GRU_WES,fc-secure-2b4d5d05-d951-4e51-8ece-7e851660f91a,0,0,114,114,0,100724650511
AnVIL_eMERGE_PGRNseq,fc-secure-2c07111e-8696-439c-9183-64a9ecb083a7,0,0,9010,9010,0,2525144003
AnVIL_CCDG_Broad_CVD_AFib_MGH_WGS,fc-secure-2c4bf327-7583-4aee-b2c2-4575abdea4ca,0,0,105,105,0,2316511447737
AnVIL_ccdg_asc_ndd_daly_talkowski_kolevzon_asd_wgs,fc-secure-2e284171-99ef-45b5-9261-b99a9208b241,0,0,27,27,0,469926754727
AnVIL_CCDG_NYGC_AI_Asthma_Gala2_WGS,fc-secure-2f25349b-e646-426d-8aa7-3a7e779d70fa,0,0,1171,1171,0,28683744051957
anvil_ccdg_broad_ai_ibd_daly_newberry_share_wes,fc-secure-2fa3df40-c189-41ee-b5ba-484a0b77ef77,0,0,885,885,0,807466998082
AnVIL_CCDG_WashU_CVD_PAGE_HMB-NPU_WGS,fc-secure-3003014b-05be-4ee1-8aa5-cc10e9a51293,0,0,38,38,0,915308374010
AnVIL_CCDG_Broad_NP_Epilepsy_GBRUNL_GRU_WES,fc-secure-315a127f-649d-4928-b4e0-cdca7d898e05,0,0,55,55,0,119293202550
AnVIL_CCDG_Broad_MI_BRAVE_GRU_WES,fc-secure-31d85e96-7fa0-4c2e-a89a-fe5c70845fd7,0,0,1496,1496,0,2471741537121
AnVIL_CCDG_Broad_NP_Epilepsy_ITAUMR_GRU_NPU_WES,fc-secure-32a2f8aa-4f72-43e9-9450-bbf661bde5ef,0,0,1046,1046,0,1820433426643
AnVIL_CCDG_Broad_NP_Epilepsy_LTUUHK_HMB_NPU_MDS_WES,fc-secure-330f768f-83c4-4570-ae46-0626b477d2b0,0,0,296,296,0,475617321394
AnVIL_CCDG_Broad_NP_Epilepsy_USAUPN_GRU_NPU_WES,fc-secure-35c81df8-8bdf-467a-af6f-fb807185b82e,0,0,6,6,0,74389348
anvil_ccdg_broad_ai_ibd_daly_pekow_share_wes,fc-secure-36dfb67b-d2fc-47a1-a94c-225d72e08afd,0,0,643,643,0,543972553579
1000G-high-coverage-2019-DEV_ONLY,fc-secure-3787d280-5600-4b0a-894d-f48513f79ff7,0,0,2504,2504,0,41289528702783
anvil_ccdg_broad_ai_ibd_daly_sartor_share_wes,fc-secure-382fb414-642b-45ef-9a85-c6c443da8691,0,0,51,51,0,88103024089
AnVIL_CCDG_Broad_AI_IBD_McGovern_WGS,fc-secure-386d1d06-75c7-4683-b1ca-62e0d7ac3700,0,0,1655,1655,0,23389961695759
AnVIL_CMG_Broad_Blood_Gazda_WGS,fc-secure-391028be-a06b-460c-b2fd-409feee6a275,0,0,0,0,0,0
AnVIL_CCDG_Broad_NP_Epilepsy_USAUPN_Marsh_GRU_NPU_WES,fc-secure-39458ab6-c2d3-49e2-b6d5-8bb3bae9a245,0,0,17,17,0,21606659563
AnVIL_CCDG_WashU_CVD_EOCAD_BioImage_WGS,fc-secure-3aa171b5-8208-4467-8743-c7879f3da6da,0,0,0,922,0,17560197262940
AnVIL_CMG_Broad_Orphan_Estonia-Ounap_WES,fc-secure-3b2bc739-bbc0-4b14-80fa-65dcf17eac3b,31,31,0,31,31,76151840136
AnVIL_CCDG_Broad_NP_Epilepsy_IRLRCI_GRU_IRB_WES,fc-secure-3b588f92-0298-4ad6-b75d-fa16de8b718d,0,0,870,870,0,1471008434327
anvil_ccdg_broad_ai_ibd_daly_mccauley_wes,fc-secure-3c4843c0-b83f-4ba1-9bba-9c9a599f3ffb,0,0,1468,1468,0,1319380959347
AnVIL_CCDG_Broad_NP_Epilepsy_DEUULG_GRU_WES,fc-secure-3e71d768-9da9-4845-9e2c-7e909db92cb7,0,0,90,90,0,151413703702
anvil_ccdg_broad_ai_ibd_daly_lewis_ccfa_wes,fc-secure-3fdbe020-6bdb-4668-bcb8-0d0df9d4ba8a,0,0,2187,2187,0,2015685535384
AnVIL_CMG_Broad_Eye_Pierce_WES,fc-secure-3fe2e7df-0927-453d-a21c-d01ee9ed37cd,602,602,0,602,602,1498816360199
AnVIL_CCDG_WASHU_PAGE,fc-secure-40b4ead9-fdee-42e4-98c8-24b241568138,0,0,0,0,0,16983115155665
AnVIL_CMG_Broad_Orphan_Estonia-Ounap_WGS,fc-secure-4220b594-e88e-4468-b4ff-ef782fd51d15,115,115,0,115,115,2032990564100
AnVIL_CMG_Broad_Muscle_Topf_WES,fc-secure-42c87858-73f5-49bf-bbc1-05974a4262b4,722,722,1,723,722,1197186312266
AnVIL_HPRC,fc-4310e737-a388-4a10-8c9e-babe06aaf0cf,0,0,0,57,0,195901486959022
AnVIL_CCDG_Broad_NP_Epilepsy_AUSRMB_DS-EAED-MDS_WES,fc-secure-4931149d-9e71-4865-9f41-3e4c998ffb38,0,0,356,356,0,557151092083
AnVIL_CCDG_Broad_AI_IBD_Cho_WGS,fc-secure-4984306f-6ceb-48a0-87d5-a6c4ef499867,0,0,345,344,0,5261350300386
AnVIL_CCDG_NYGC_NP_Autism_SAGE_WGS,fc-secure-4a5440e0-1b04-42c6-a1b4-e8249a578727,0,0,1501,1501,0,31592121759915
AnVIL_CCDG_Broad_Spalletta_HMB_NPU_MDS_WES,fc-secure-4c07a18a-8c79-4b81-acbe-91083298f1e4,0,0,102,102,0,163944131946
AnVIL_CCDG_Broad_AI_IBD_Newberry_WGS,fc-secure-4c6f587f-be8c-4bb8-9053-7a85ed68ed3e,0,0,31,31,0,388276823792
AnVIL_CMG_Broad_Blood_Sankaran_WES,fc-secure-4dda26e8-0e9d-4162-a8b3-73c65b82ef31,277,277,0,277,277,520592381271
AnVIL_eMERGE_eMERGEseq,fc-secure-50f2310f-659c-4c60-af42-e028b58bad52,0,0,24956,24956,0,14669113442740
AnVIL_CCDG_Broad_NP_Epilepsy_DEUPUM_HMB_MDS_WES,fc-secure-51198b17-37ae-44b7-8513-c11c4bfe3a9d,0,0,264,264,0,388797191392
AnVIL_CCDG_Broad_NP_Epilepsy_USACCH_DS_NEURO_MDS_WES,fc-secure-516245cb-7dcc-487d-acf7-43e5fb10085f,0,0,358,358,0,632876268688
AnVIL_ccdg_asc_ndd_daly_talkowski_menashe_asd_exome,fc-secure-51a26e99-63eb-442a-869d-87ecbc60c814,0,0,701,557,0,622716169294
AnVIL_ccdg_asc_ndd_daly_talkowski_AGRE_asd_exome,fc-secure-538d85ea-c436-43f9-b001-4db614ed96bf,0,0,844,844,0,1541055739356
AnVIL_CCDG_Broad_NP_Epilepsy_GHAKNT_GRU_WES,fc-secure-550ffe2e-04fd-4763-b7d2-09f0c59083e4,0,0,642,642,0,556663364760
AnVIL_ccdg_asc_ndd_daly_talkowski_domenici_asd_exome,fc-secure-55225e12-ec4c-42e0-a5d1-986c87c6d129,0,0,713,713,0,1204457292103
AnVIL_CMG_Broad_Brain_Walsh_WES,fc-secure-55694600-0349-4174-980d-716fa1371e6a,767,767,0,767,767,1689288811129
1000G-high-coverage-2019,fc-56ac46ea-efc4-4683-b6d5-6d95bed41c5e,0,0,3202,3202,0,72977870908794
AnVIL_CCDG_Baylor_CVD_HemStroke_ERICH_WGS,fc-secure-585ef3f0-76a9-40ae-8ed3-a47190c3148f,0,0,2558,2558,0,50227013831772
AnVIL_CCDG_NYGC_NP_Alz_EFIGA_WGS,fc-secure-588b9330-ec2f-4652-86cd-f6f57b4aecbf,0,0,1875,1875,0,42330469862059
anvil_ccdg_broad_ai_ibd_daly_kupcinskas_wes,fc-secure-589e3f7a-7b24-46cf-aefd-63b05155d826,0,0,2285,2285,0,3727394107015
AnVIL_CCDG_Broad_NP_Epilepsy_ITAIGI_GRU_WES,fc-secure-59d2af1f-3dc0-407b-b7ab-05cdcfa4da8f,0,0,980,980,0,1556199295067
AnVIL_CCDG_Baylor_CVD_EOCAD_SoL_WGS,fc-secure-5a7daa8b-9c5d-4b8d-a312-85e6c8af0197,0,0,9083,9083,0,200007850544864
AnVIL_CCDG_Broad_CVD_AF_ENGAGE_DS_WES,fc-secure-5efb4966-0994-41f8-a911-1d159c9bae1b,0,0,13621,13621,0,11576308604378
AnVIL_CMG_Broad_Muscle_Kang_WES,fc-secure-5f2d0e58-2d30-4026-be53-3878043f0044,49,49,0,49,49,103171895052
AnVIL_CCDG_Baylor_CVD_AFib_BioVU_WGS,fc-secure-5f3216ed-69ff-431f-ad1c-328d03ff3c80,0,0,1122,1122,0,26785431275347
AnVIL_ccdg_asc_ndd_daly_talkowski_TASC_asd_exome,fc-secure-5f916770-fded-4540-b4b6-49f88b8e05fc,0,0,3173,3173,0,5287647427917
AnVIL_CMG_Broad_Kidney_Hildebrandt_WES,fc-secure-5fe35c0c-4f8d-4f7d-8de6-7cba7cd9e01d,1222,1222,0,1222,1222,2408120392106
AnVIL_NIMH_Broad_WGSPD1_McCarroll_Pato_GRU_WGS,fc-secure-60efd02c-dae9-4272-a926-f47ae6a7a893,0,0,0,0,0,120472875345978
AnVIL_CCDG_Broad_CVD_AF_BioVU_HMB_GSO_WES,fc-secure-6513d7e1-2dbb-41a2-baea-3f7fdbcbb620,0,0,5031,5031,0,4649334941110
AnVIL_CCDG_Broad_NP_Epilepsy_LEBABM_DS_Epilepsy_WES,fc-secure-652024de-0ecd-4de3-8360-c8c5bfcafd72,0,0,140,140,0,234255240254
AnVIL_ccdg_asc_ndd_daly_talkowski_passos-bueno_asd_exome,fc-secure-6537d7f6-f29f-432b-b66e-8cf2204b7920,0,0,941,941,0,1306471346564
AnVIL_CMG_Broad_Muscle_OGrady_WES,fc-secure-65d7db7a-ceca-4b3a-aada-d45ec1c7b541,73,73,0,73,73,112749139398
AnVIL_CCDG_Broad_NP_Epilepsy_TURIBU_DS_NEURO_AD_NPU_WES,fc-secure-674fbd89-9eeb-4e43-8a6f-97d6e50708e0,0,0,163,163,0,293187170513
AnVIL_CCDG_Broad_NP_Epilepsy_FINUVH_HMB_NPU_MDS_WES,fc-secure-678eccb8-3463-4a72-8b57-69dfc8c77002,0,0,100,100,0,174252442175
AnVIL_ccdg_asc_ndd_daly_talkowski_AGRE-FEMF_asd_exome,fc-secure-68998ffa-e550-422b-9834-e78ac8a32990,0,0,405,405,0,2188420940
anvil_ccdg_broad_ai_ibd_daly_bernstein_wes,fc-secure-68b7e62f-132b-4818-bf64-6c38ec9152ab,0,0,536,536,0,465049154074
AnVIL_ccdg_asc_ndd_daly_talkowski_control_NIMH_asd_exome,fc-secure-6a2f53f1-6712-48a9-a7b2-3289b8df877b,0,0,370,370,0,961469232330
AnVIL_CCDG_Broad_NP_Epilepsy_USABCH_EPI_MUL_CON_MDS_WES,fc-secure-6bc832d1-a35b-4676-bf68-a5772e2be044,0,0,304,304,0,411983665305
AnVIL_CCDG_Broad_NP_Epilepsy_CZEMTH_GRU_WES,fc-secure-6c21e787-1a4b-4235-b756-9ce6096fc815,0,0,16,16,0,27305104355
AnVIL_CMG_Broad_Brain_Gleeson_WES,fc-secure-71257390-0f52-49ca-b63a-1e0c6c089e5d,1181,1181,0,1181,1181,3062592514510
AnVIL_CMG_UWash_GRU,fc-secure-723963fa-faec-4de1-bf37-12d3c22a417a,0,0,0,1439,1439,23775557990680
anvil_nhgri_broad_ibd_daly_winter_wes,fc-secure-72a949c5-0b7d-45c9-96c3-ff4d25815ed5,0,0,412,412,0,772513373841
anvil_ccdg_broad_ai_ibd_daly_louis_wes,fc-secure-73036e74-c8b0-4e6f-9f4f-ca55b599d5d1,0,0,2120,2120,0,2835024513905
AnVIL_PAGE_WHI_HMB-IRB_WGS,fc-secure-756b92cc-ad23-41f2-8566-3620b1016886,0,0,0,235,235,5424892733068
AnVIL_CCDG_Broad_NP_Epilepsy_CANUTN_DS-EP_WES,fc-secure-75f95e44-299f-4666-bed3-46dd679b12d8,0,0,124,124,0,215279998868
AnVIL_CCDG_Broad_NP_Epilepsy_ITAUMC_DS_NEURO_MDS_WES,fc-secure-7a160245-84eb-4383-80ed-f41c2411e702,0,0,337,337,0,581279490775
AnVIL_CCDG_Broad_NP_Epilepsy_LEBABM_GRU_WES,fc-secure-7c845669-3781-4ac0-bb59-1495d68d1d85,0,0,347,347,0,553872735266
AnVIL_ccdg_asc_ndd_daly_talkowski_renieri_asd_exome,fc-secure-7e0893cd-4f31-41e4-b1d2-3e656097824a,0,0,765,765,0,936183461518
anvil_ccdg_broad_ai_ibd_daly_chung_gider_wes,fc-secure-7e9fe869-643a-4828-a1b7-0245e34745ae,0,0,627,627,0,532126614145
AnVIL_CMG_Broad_Brain_Gleeson_WGS,fc-secure-7fc34f8f-2b28-45cf-9856-432ed7ee4ede,0,0,0,0,0,0
AnVIL_CCDG_Freeze2_VCFs,fc-secure-83bea9db-38e6-4142-8fe7-6e94f471f8c2,0,0,0,0,0,37606094535702
AnVIL_CCDG_Broad_NP_Epilepsy_HKGHKK_HMB_MDS_WES,fc-secure-84e57da6-4df9-45de-9f82-8a550887a7fa,0,0,337,337,0,357853809700
AnVIL_CCDG_Broad_NP_Autism_State-Sanders_WGS,fc-secure-86684396-82a0-4f1b-a918-b90b039b922c,0,0,534,534,0,8643615423236
AnVIL_ccdg_asc_ndd_daly_talkowski_barbosa_asd_exome,fc-secure-86cbdfa9-cbc0-40fb-adfa-3dd467ae1062,0,0,213,213,0,349871302512
anvil_ccdg_broad_ai_ibd_niddk_daly_duerr_wes,fc-secure-877e6c8c-72ef-46d0-b3f3-37dd175771fe,0,0,100,100,0,160425599485
AnVIL_CCDG_WashU_CVD_EOCAD_WashU-CAD_DS_WGS,fc-secure-87fff435-fd01-4bd9-91b4-8670f7b19162,0,0,80,80,0,3429414839201
AnVIL_CMG_Broad_Kidney_Hildebrandt_WGS,fc-secure-897c9696-eae5-4f73-acf3-9118f5e1e698,27,27,0,27,27,522703531739
AnVIL_CCDG_Broad_NP_Epilepsy_DEUUKL_HMB_WES,fc-secure-8a282388-3c56-48c6-99c8-ea4b52c053b9,0,0,194,194,0,357410581117
AnVIL_ccdg_asc_ndd_daly_talkowski_herman_asd_exome,fc-secure-8a297961-e042-4d02-826f-0322b3d7fbff,0,0,49,49,0,79895582863
AnVIL_CCDG_WashU_CVD_EOCAD_BioVu_WGS,fc-secure-8e933d1a-d546-4267-967f-bc00d03f4880,0,0,624,624,0,11946516978946
AnVIL_CCDG_Broad_NP_Epilepsy_DEUUKB_HMB_NPU_MDS_WES,fc-secure-8ec82876-176f-4f33-ae98-0a3cae871ed4,0,0,2337,2337,0,3635712622686
AnVIL_CMG_Broad_Blood_Gazda_WES,fc-secure-91c2f2c0-a04f-4147-a5e4-971e3e8cbd8a,0,0,51,51,0,78365135215
AnVIL_NIMH_Broad_WGSPD1_McCarroll_Escamilla_DS_WGS,fc-secure-945a70d2-6f85-4130-b624-038a2e171811,0,0,85,85,0,3446932111306
AnVIL_CCDG_Broad_NP_Epilepsy_CYPCYP_HMB_NPU_MDS_WES,fc-secure-94c90c12-376d-419a-96d9-ed37e1b1a5bb,0,0,148,148,0,259657547963
AnVIL_CSER_CHARM,fc-secure-957b7ac5-293b-4be4-b7ce-d0452c1c9f38,0,0,0,0,0,4357460577560
AnVIL_ccdg_asc_ndd_daly_talkowski_palotie_asd_exome,fc-secure-977aa72f-e9ce-4fb6-b32b-c675b4ef25d5,0,0,153,153,0,211093424378
AnVIL_CCDG_Broad_CVD_AFib_Intermountain_WGS,fc-secure-97f7b2db-e05f-4ac4-af27-6156169ca00a,0,0,464,464,0,9065350246950
AnVIL_ccdg_asc_ndd_daly_talkowski_kolevzon_asd_exome,fc-secure-980cd412-6b18-480a-b2f2-ad1543c06a91,0,0,1160,1160,0,1540427208672
AnVIL_NIMH_Broad_WGSPD1_McCarroll_Pato_GRU_10XLRGenomes,fc-secure-9850659f-c618-48d9-ae39-87ca3a860337,0,0,0,368,355,21733688032409
AnVIL_CCDG_Broad_NP_Epilepsy_AUSAUS_EP_BA_CN_ID_MDS_WES,fc-secure-986229e0-ac72-420d-bf0e-aa14dea63a05,0,0,1468,1468,0,2480781476288
AnVIL_CCDG_Broad_NP_Epilepsy_USAFEB_GRU_WES,fc-secure-98a7c433-bacc-44fd-96f6-faed04dd1c96,0,0,31,31,0,56408799251
AnVIL_CMG_Broad_Muscle_Beggs_WGS,fc-secure-9ada5f40-88a5-413a-971e-8feb61f4030c,0,0,47,47,0,833222286290
AnVIL_ccdg_asc_ndd_daly_talkowski_hertz-picciotto_asd_exome,fc-secure-9befa92f-ef34-4fcf-8df5-d085656e26dd,0,0,1537,1537,0,2564855855194
AnVIL_CCDG_Broad_NP_Epilepsy_AUSAUS_EPIL_BA_MDS_WES,fc-secure-9c348df7-4da1-428a-a785-e06db3a9f208,0,0,11,11,0,20793895475
AnVIL_CMG_Broad_Orphan_Manton_WES,fc-secure-9cd5bace-0607-49c0-b62c-837aa8cf195d,452,452,0,452,452,1080960370342
AnVIL_CCDG_Broad_NP_Epilepsy_TWNCGM_HMB-NPU-ADULTS_WES,fc-secure-9f2f0267-2df4-44e9-a6ae-dd1d3a43cca5,0,0,874,874,0,1097379639500
AnVIL_CCDG_Broad_NP_Epilepsy_USAUPN_Rader_GRU_WES,fc-secure-a065288d-5bb4-441c-95e9-0ffb20a6cf40,0,0,349,349,0,532372992986
AnVIL_CCDG_Broad_NP_Epilepsy_USAMGH_HMB_MDS_WES,fc-secure-a473f80e-97a6-4c19-bd68-e37266efb44d,0,0,20,20,0,18056654987
AnVIL_eMERGE_GWAS,fc-secure-a523ce7e-6a39-4bd0-9b4e-85ddc20ff9cc,0,0,105108,105108,0,73425718544527
anvil_ccdg_broad_ai_ibd_daly_mcgovern_share_wes,fc-secure-a8750614-42be-42b6-886e-15c284847bdd,0,0,486,486,0,656628228383
AnVIL_CCDG_NYGC_NP_Autism_TASC_WGS,fc-secure-a8d262fb-151c-4c3d-ac09-7957a168fd5e,0,0,905,905,0,22816547738971
AnVIL_CCDG_WashU_CVD_EOCAD_Emory_WGS,fc-secure-a941f3d7-5afc-4886-a4ab-c9d6a6459b1f,0,0,430,430,0,8791866978729
AnVIL_CCDG_Broad_NP_Epilepsy_USACRW_DS_EP_MDS_WES,fc-secure-ab235723-ed31-4242-b5ab-23c177a0e79c,0,0,326,326,0,606841802222
anvil_ccdg_broad_ai_ibd_daly_xavier_share_wes,fc-secure-abc7f058-0260-4e82-a911-abfec3dcb676,0,0,732,732,0,671110471944
AnVIL_CCDG_Broad_NP_Epilepsy_KENKIL_GRU_WES,fc-secure-ac202043-c5ef-4fb7-8ccb-62a274c1b8ec,0,0,448,448,0,391827933334
anvil_ccdg_broad_ai_ibd_daly_moayyedi_imagine_wes,fc-secure-ac588f86-da2d-4a92-9f45-be2aeedd5fac,0,0,1301,1301,0,1075250409496
AnVIL_CCDG_Broad_CVD_AFib_UCSF_WGS,fc-secure-ad9305f6-4693-4b75-a64a-e9317b40abac,0,0,112,112,0,2405301745472
AnVIL_CCDG_Broad_NP_Epilepsy_USAEGP_GRU_WES,fc-secure-adba6cb8-c49c-405b-af7b-9980e4a9d36a,0,0,127,127,0,206166617069
AnVIL_CMG_Broad_Brain_Engle_WGS,fc-secure-af14316e-6153-4aa0-b051-991daf7690ba,0,0,0,0,0,0
AnVIL_CCDG_Broad_AI_IBD_McCauley_WGS,fc-secure-afbf7a91-d826-4227-893f-f4a0dbee5cfa,0,0,1096,1096,0,13687850823994
AnVIL_ccdg_asc_ndd_daly_talkowski_pericak-vance_asd_exome_,fc-secure-b2669acd-7139-464f-af53-af7215c068aa,0,0,108,108,0,170621745952
AnVIL_ccdg_asc_ndd_daly_talkowski_weiss_asd_exome,fc-secure-b2f4e185-a21a-434a-9494-d1fabaaaf7c0,0,0,41,41,0,43973579061
anvil_ccdg_broad_ai_ibd_daly_lira_share_wes,fc-secure-b31156cd-4993-4f69-a8f4-9a99c2697965,0,0,55,55,0,94034986757
AnVIL_CMG_Broad_Heart_PCGC-Tristani_WGS,fc-secure-b3403ba6-aa05-40b0-99ba-2d465d711775,79,79,0,79,79,1261990682080
AnVIL_ccdg_asc_ndd_daly_talkowski_pericak-vance_asd_wgs,fc-secure-b39f3519-3601-46b6-b7bc-dedddbfd7306,0,0,295,295,0,5220611385361
anvil_ccdg_broad_daly_igsr_1kg_twist_wes,fc-secure-b41964ad-0c8a-47da-8504-f8636ff3d318,0,0,669,669,0,566434939085
AnVIL_CCDG_Broad_AI_IBD_Kugathasan_WGS,fc-secure-b4316f22-8920-4b86-a8cd-2a4a7b356f0d,0,0,1351,1351,0,17285395760903
AnVIL_CCDG_NYGC_NP_Autism_ACE2_GRU-MDS_WGS,fc-secure-b6e37dad-6d9c-49b3-ba96-042a7de9f47c,0,0,839,839,0,17393217299044
AnVIL_CMG_Broad_Kidney_Pollak_WES,fc-secure-b70f8e79-a3c6-4a0a-916a-be77d77db610,0,0,0,0,0,0
AnVIL_CCDG_Broad_NP_Epilepsy_USACRW_DS_SEIZD_WES,fc-secure-b9906df4-3012-4c7b-a008-3c5708885971,0,0,152,152,0,309995762228
AnVIL_CMG_Broad_Orphan_Scott_WES,fc-secure-bc05aae4-fc19-427f-bbbf-da1cd17618b0,0,0,0,0,0,0
AnVIL_CCDG_Broad_NP_Epilepsy_USAMON_GRU_NPU_WES,fc-secure-bcc5d428-aed0-4814-aefc-f717b97d5106,0,0,1,1,0,1506931880
ANVIL_CCDG_Broad_CVD_EOCAD_PROMIS_ARRAY,fc-secure-bd285ba8-8251-485b-af6e-5099af815dfd,0,0,0,0,0,0
AnVIL_CCDG_Broad_NP_Epilepsy_ZAFAGN_DS-EPI-COMO-MDS_WES,fc-secure-bd923846-0b8b-4018-8706-44b2a8e213b4,0,0,503,503,0,450194782493
AnVIL_CCDG_Baylor_CVD_EOCAD_BioMe_WGS,fc-secure-be0617df-a95e-468c-a83d-37b1c4fae931,0,0,1201,1201,0,26229218761237
anvil_nhgri_broad_ibd_daly_turner_wes,fc-secure-bee7792c-ef35-478d-a9bb-c8f2054c335c,0,0,155,155,0,317097306235
AnVIL_ccdg_asc_ndd_daly_talkowski_goethe_asd_exome,fc-secure-bf34568b-1c38-4c43-8a21-59630b969553,0,0,2111,2111,0,2554097853906
AnVIL_CMG_Broad_Muscle_KNC_WES,fc-secure-bfb5d49c-a806-4c02-b1fe-51b64fc68ad6,44,44,0,44,44,122522162802
AnVIL_CCDG_Broad_NP_Epilepsy_HRVUZG_HMB_MDS_WES,fc-secure-bfe6497b-69a1-4917-8a7b-c9bd36cb4ae4,0,0,36,36,0,63988975893
AnVIL_CMG_Broad_Heart_Seidman_WES,fc-secure-bff96058-f8a8-40c2-808d-2b3627fb995f,129,129,0,129,129,223373423728
AnVIL_NIMH_Broad_ConvergentNeuro_McCarroll_Eggan_CIRM_GRU_WGS,fc-secure-c0ec29b0-a7f4-4090-a479-fe826e0aeed1,0,0,299,303,0,5304560467816
Anvil_Test_Workspace,fc-secure-c1027c43-5f57-4e42-bb1a-3f48f20595dd,0,0,1,3,0,75993869031
AnVIL_CCDG_NYGC_NP_Alz_WHICAP_WGS,fc-secure-c327926b-a5aa-4b40-93b8-e092fa116e88,0,0,148,148,0,3648823861593
anvil_ccdg_broad_ai_ibd_daly_xavier_prism_wes,fc-secure-c40af798-8afc-4ab3-9b66-946955811d3b,0,0,2753,2753,0,4964213264337
AnVIL_CCDG_WashU_CVD-NP-AI_Controls_VCControls_WGS,fc-secure-c5377331-3721-4e3b-b8d0-03715d9b428a,0,0,112,112,0,2646627569381
AnVIL_ccdg_asc_ndd_daly_talkowski_mcpartland_asd_exome,fc-secure-c53831f7-0431-44e5-abe6-308270690c3b,0,0,518,518,0,512226488760
AnVIL_CCDG_NYGC_NP_Autism_HMCA_WGS,fc-secure-c7ffba40-1140-4c5e-8336-8032b7ec5f9e,0,0,724,724,0,17218986302449
AnVIL_CMG_Broad_Muscle_Bonnemann_WGS,fc-secure-c958fc6e-d4cf-42dd-b15a-271045adcd02,94,94,0,94,94,1646604320498
AnVIL_ccdg_asc_ndd_daly_talkowski_hertz-picciotto_asd_wgs,fc-secure-c96f6079-de25-4367-ae8b-1676f1898309,0,0,65,65,0,1052292887701
AnVIL_ccdg_asc_ndd_daly_talkowski_persico_asd_exome,fc-secure-cb3eeabf-f0ef-497e-9bc6-b5a27be4fec2,0,0,526,526,0,820082620428
AnVIL_CCDG_Broad_CVD_EOCAD_PROMIS_WGS,fc-secure-cbf1f8fb-8185-46c9-9034-63073cbe7be7,0,0,1136,1136,0,15575714465310
AnVIL_CCDG_Broad_NP_Epilepsy_JPNFKA_GRU_WES,fc-secure-ce2baa61-748a-4dbc-a929-f256721b59b2,0,0,368,368,0,598491562119
AnVIL_ccdg_asc_ndd_daly_talkowski_brusco_asd_exome,fc-secure-d157fd3c-57ff-4640-a084-cecda832e575,0,0,2231,1905,0,2596403389271
anvil_ccdg_broad_ai_ibd_daly_hyams_protect_wes,fc-secure-d2c84e56-8f0d-420a-96a4-942e92009433,0,0,418,418,0,359926764987
AnVIL_NIMH_Broad_WGSPD1_McCarroll_Braff_DS_WGS,fc-secure-d464ac64-ee30-4105-a70b-6e3cc29cbde9,0,0,864,864,0,20118317105472
AnVIL_CCDG_Broad_CVD_AFib_Vanderbilt-Ablation_WGS,fc-secure-d51e93aa-adc1-4628-a6f2-e0dd1f0900c8,0,0,2,2,0,39808202957
AnVIL_CCDG_Broad_AI_IBD_Brant_HMB_WGS,fc-secure-d55d1c0c-b1e3-42e9-b452-20a81be1f84a,0,0,904,904,0,12435798516156
AnVIL_CMG_Broad_Muscle_Bonnemann_WES,fc-secure-d7023612-d298-4f2b-b6bb-a1ea0524462a,253,253,0,253,253,84950890461
AnVIL_NIMH_Broad_ConvergentNeuro_McCarroll_Eggan_Finkel_SMA_DS_WGS,fc-secure-d72b37f0-4431-48bf-b8f0-95b745deadbc,0,0,1,1,0,19527994124
AnVIL_ccdg_asc_ndd_daly_talkowski_parellada_asd_exome,fc-secure-d7a002ea-7e1e-45fd-8e76-456fce471f17,0,0,2824,2824,0,4292531288861
AnVIL_ccdg_asc_ndd_daly_talkowski_IBIS_asd_exome,fc-secure-d87970dd-adb0-4b99-a204-ae6fbd457d12,0,0,237,237,0,217339947601
AnVIL_NIMH_Broad_WGSPD1_McCarroll_Braff_DS_10XLRGenomes,fc-secure-d9b63011-afd3-4f3d-860c-13593bb1c55f,0,0,0,0,0,11591250931263
AnVIL_PAGE_SoL_HMB_WGS,fc-secure-d9fd78a9-5fd1-41e7-85b4-10c32f5149e1,0,0,213,213,0,5006684666289
AnVIL_CMG_Broad_Orphan_Manton_WGS,fc-secure-da00680d-3e1e-49a1-ba71-82ca679a7b7f,43,43,0,43,43,755529116321
AnVIL_CCDG_Broad_NP_Epilepsy_NZLUTO_EPIL_BC_ID_MDS_WES,fc-secure-dccff364-c2ff-42df-8c8e-f979a0472c11,0,0,224,224,0,352082450996
AnVIL_CCDG_Broad_NP_Epilepsy_USAMON_GRU_WES,fc-secure-de72ef13-9b7f-44db-9428-5df489d327ce,0,0,169,169,0,228696314398
AnVIL_GTEx_V7_hg19,fc-secure-df207337-4a16-42fd-b715-50fa52d393b0,0,0,729,11688,0,48229025031034
AnVIL_CCDG_Broad_NP_Epilepsy_GBRUNL_EP_ETIOLOGY_MDS_WES,fc-secure-e0034430-99a3-4dde-99d3-a2330cd90f19,0,0,458,458,0,921433884338
AnVIL_CCDG_Broad_CVD_Stroke_BRAVE_WGS,fc-secure-e14b3e8e-156e-4264-b8f2-43664206ca0c,0,0,496,496,0,6338941541006
AnVIL_CCDG_WashU_CVD_EOCAD_Emerge_WGS,fc-secure-e40316e1-165b-44ae-82cb-7136c37aacdb,0,0,277,277,0,5524496789184
AnVIL_CCDG_Broad_NP_Epilepsy_USACCF_HMB-MDS_WES,fc-secure-e4b45d7c-3fee-479f-83e9-8c85312cb8da,0,0,336,336,0,389214376427
AnVIL_ccdg_asc_ndd_daly_talkowski_minshew_asd_exome,fc-secure-e5676c90-7028-4b68-b620-c6944514d52c,0,0,239,239,0,380360375486
AnVIL_CMG_Broad_Blood_Fleming_WES,fc-secure-e64f388d-9f45-4833-b118-6aaa0e62adb2,0,0,0,0,0,0
AnVIL_CCDG_WashU_CVD_EOCAD_Duke_WGS,fc-secure-e66447ae-c1b8-4a5b-a3e6-2bed1ca59d8f,0,0,1051,1051,0,21826279922411
AnVIL_CCDG_Broad_NP_Epilepsy_GBRUCL_DS_EARET_MDS_WES,fc-secure-e92b8081-5e6a-440c-af83-4d428f505529,0,0,684,684,0,1252672251359
anvil_ccdg_broad_ai_ibd_daly_franchimont_wes,fc-secure-e99706c4-48f9-4a69-baf4-70d1c5eaac5c,0,0,2848,2848,0,4012951839644
AnVIL_CMG_Broad_Muscle_Ravenscroft_WES,fc-secure-ec1b4053-dd9e-4fb6-8939-5910477d4ec6,35,35,0,35,35,49842770662
AnVIL_CCDG_WashU_CVD_EOCAD_Cleveland_WGS,fc-secure-ec1e8941-0ccb-41db-bc39-1ddf558a06c2,0,0,348,348,0,6893801040512
AnVIL_CCDG_Broad_CVD_AFib_Duke_WGS,fc-secure-ed4bfb0f-b490-4523-bb2d-af58735df6ab,0,0,123,123,0,2558162665102
AnVIL_CCDG_Broad_NP_Epilepsy_USAMON_GRU_GSRS_WES,fc-secure-ed823158-2149-493f-80d0-ff066cb14a85,0,0,21,21,0,19924636025
AnVIL_CCDG_Broad_NP_Epilepsy_USAVANcontrols_HMB-GSO_WES,fc-secure-ee694ec4-cb3d-441d-95f7-e6d586419484,0,0,1971,1971,0,1720335267403
AnVIL_CMG_Broad_Orphan_VCGS-White_WGS,fc-secure-efe57a60-2421-405d-85f4-90d5af86e30b,66,66,0,66,66,1102854537086
AnVIL_CCDG_TOPMed_WashU_CVD_Afib_Penn_WGS,fc-secure-f012c96e-3e1b-4a9a-800b-bde7ed486f98,0,0,482,482,0,9363720106731
AnVIL_CCDG_NYGC_NP_Autism_AGRE_WGS,fc-secure-f20281f0-d586-432c-b790-b44eb5098d01,0,0,4601,4601,0,106069350754563
AnVIL_CMG_Broad_Muscle_Myoseq_WGS,fc-secure-f2f4cf5f-bda3-4608-89b4-0c218f6dc6e8,10,10,0,10,10,186202803603
AnVIL_CCDG_Baylor_CVD_ARIC,fc-secure-f5d884c0-a24c-46e6-8c29-cad7f5b158c7,0,0,8975,8975,0,230443694697026
AnVIL_CMG_Broad_Muscle_Kang_WGS,fc-secure-f71ce5b2-bdd4-461b-a7fd-833d9c9a6b85,2,2,0,2,2,37498621289
AnVIL_CCDG_Baylor_CVD_AFib_Groningen_WGS,fc-secure-f7f06a5e-1c5f-4d2e-b195-dd668d9d4b55,0,0,639,639,0,13924063945161
anvil_ccdg_broad_ai_ibd_daly_stampfer_wes,fc-secure-fba19c6f-984e-4616-b253-6d9e6ea5cec5,0,0,1489,1489,0,1412838716524
AnVIL_CMG_Broad_Eye_Pierce_WGS,fc-secure-fc0f573c-c14b-4a98-8e94-b8728fd2a1a1,35,35,0,35,35,637404103947
Anvil_Test_Workspace_2,fc-secure-fc894ed3-ee24-4a83-8027-7d5cc1f6d467,0,0,1,3,0,55961864083
AnVIL_CCDG_Broad_NP_Epilepsy_USAHEP_GRU_WES,fc-secure-fd756575-ba39-4893-8b85-b6dfbb376f3b,0,0,201,201,0,339474866486
AnVIL_CCDG_Broad_NP_Epilepsy_ITAICB_HMB_NPU_MDS_WES,fc-secure-fe950bf8-0470-4329-b8c9-8a42d0dd619d,0,0,340,340,0,486563180096
AnVIL_CCDG_Broad_Deposit,fc-secure-fed5fb07-71d5-4878-bdaf-6432fab9face,0,0,0,0,0,0
AnVIL_GTEx_V8_hg38,fc-secure-ff8156a3-ddf3-42e4-9211-0fd89da62108,0,0,979,17382,0,182135796822948